{"cameraMode":{"drawMode":0,"name":"Shaded","section":"Shading Mode"},"sceneLighting":false,"audioPlay":false,"sceneViewState":{"m_AlwaysRefresh":false,"showFog":false,"showSkybox":false,"showFlares":false,"showImageEffects":false,"showParticleSystems":false,"showVisualEffectGraphs":true,"m_FxEnabled":true},"in2DMode":false,"pivot":{"x":-0.4354482591152191,"y":1.3893847465515137,"z":-0.01943800412118435},"rotation":{"x":-0.0033616165164858104,"y":-0.9774108529090881,"z":-0.01584189385175705,"w":0.2110927253961563},"size":1.4799972772598267,"orthographic":false}