{"cameraMode":{"drawMode":0,"name":"Shaded","section":"Shading Mode"},"sceneLighting":false,"audioPlay":false,"sceneViewState":{"m_AlwaysRefresh":false,"showFog":true,"showSkybox":false,"showFlares":true,"showImageEffects":true,"showParticleSystems":true,"showVisualEffectGraphs":true,"m_FxEnabled":true},"in2DMode":false,"pivot":{"x":-42.704078674316409,"y":-73.77581787109375,"z":-268.20123291015627},"rotation":{"x":-0.0018744156695902348,"y":-0.9981481432914734,"z":0.05125885829329491,"w":-0.0370807871222496},"size":174.42080688476563,"orthographic":false}