{"cameraMode":{"drawMode":0,"name":"Shaded","section":"Shading Mode"},"sceneLighting":false,"audioPlay":false,"sceneViewState":{"m_AlwaysRefresh":false,"showFog":true,"showSkybox":false,"showFlares":true,"showImageEffects":true,"showParticleSystems":true,"showVisualEffectGraphs":true,"m_FxEnabled":true},"in2DMode":false,"pivot":{"x":18.200000762939454,"y":1.8747961521148682,"z":0.04057377576828003},"rotation":{"x":0.05638688802719116,"y":-0.17638535797595979,"z":0.01006678119301796,"w":0.9827265739440918},"size":2.1487040519714357,"orthographic":false}