{"cameraMode":{"drawMode":0,"name":"Shaded","section":"Shading Mode"},"sceneLighting":false,"audioPlay":false,"sceneViewState":{"m_AlwaysRefresh":false,"showFog":true,"showSkybox":false,"showFlares":true,"showImageEffects":true,"showParticleSystems":true,"showVisualEffectGraphs":true,"m_FxEnabled":true},"in2DMode":false,"pivot":{"x":-0.9544534683227539,"y":1.247602939605713,"z":-0.2550849914550781},"rotation":{"x":-0.15419788658618928,"y":0.30064916610717776,"z":-0.04944188892841339,"w":-0.9400574564933777},"size":11.087859153747559,"orthographic":false}