{"cameraMode":{"drawMode":0,"name":"Shaded","section":"Shading Mode"},"sceneLighting":false,"audioPlay":false,"sceneViewState":{"m_AlwaysRefresh":false,"showFog":false,"showSkybox":false,"showFlares":false,"showImageEffects":false,"showParticleSystems":false,"showVisualEffectGraphs":true,"m_FxEnabled":true},"in2DMode":false,"pivot":{"x":-2.2351741790771486e-8,"y":0.5588055849075317,"z":0.006613254547119141},"rotation":{"x":0.21860909461975099,"y":-0.13737769424915315,"z":0.031106753274798394,"w":0.9657132625579834},"size":0.5669196248054504,"orthographic":false}