{"cameraMode":{"drawMode":0,"name":"Shaded","section":"Shading Mode"},"sceneLighting":false,"audioPlay":false,"sceneViewState":{"m_AlwaysRefresh":false,"showFog":true,"showSkybox":false,"showFlares":true,"showImageEffects":true,"showParticleSystems":true,"showVisualEffectGraphs":true,"m_FxEnabled":true},"in2DMode":false,"pivot":{"x":-4.008392333984375,"y":-21.236190795898439,"z":36.64363098144531},"rotation":{"x":0.11296942830085755,"y":0.8502077460289002,"z":-0.20287200808525086,"w":0.47279009222984316},"size":58.715511322021487,"orthographic":false}